{
  "scenarioTemplate": {
    "name": "Циркадное освещение. Глобальный. Параметры",
    "desc": "",
    "active": true,
    "onStart": true,
    "sync": false,
    "data": "// При добавлении или удалении режимов, а так же изменении названия надо пересохранить логический сценарий.\n// Открыть, внести какое-то изменение (например пробел добавить на пустой строке) и сохранить.\n// После этого в настройках сценария появятся изменения.\n// При изменении параметров яркости или температуры никаких дополнительных манипуляций делать не надо.\n\n// Режим: { Час: [Температура, Яркость] }\nvar onTime = {\n    99999: { name: \"Тестирование\", 0: [400, 100], 1: [200, 20] },\n    10000: { name: \"Демо динамического режима\" },\n\n    // Долго держится большая яркость, температура света утром холоднеет медленнее\n    0: {\n        name: \"Дольше яркий\",\n        0: [400, 50],\n        1: [400, 40],\n        2: [400, 30],\n        3: [200, 20],\n        4: [400, 20],\n        5: [400, 20],\n        6: [350, 40],\n        7: [300, 60],\n        8: [250, 80],\n        9: [200, 100],\n        10: [150, 100],\n        11: [100, 100],\n        12: [50, 100],\n        13: [50, 100],\n        14: [50, 100],\n        15: [50, 100],\n        16: [50, 100],\n        17: [50, 100],\n        18: [100, 100],\n        19: [150, 100],\n        20: [200, 100],\n        21: [250, 80],\n        22: [300, 70],\n        23: [350, 60]\n    },\n\n    // Яркость вечером уменьшается раньше, утром включается холодный свет\n    1: {\n        name: \"Раннее затемнение\",\n        0: [400, 20],\n        1: [400, 10],\n        2: [400, 1],\n        3: [400, 1],\n        4: [400, 1],\n        5: [400, 1],\n        6: [350, 10],\n        7: [200, 30],\n        8: [100, 70],\n        9: [50, 100],\n        10: [50, 100],\n        11: [50, 100],\n        12: [50, 100],\n        13: [50, 100],\n        14: [50, 100],\n        15: [50, 100],\n        16: [100, 100],\n        17: [150, 100],\n        18: [200, 100],\n        19: [250, 100],\n        20: [300, 90],\n        21: [350, 60],\n        22: [400, 40],\n        23: [400, 30]\n    },\n    // С постоянной максимальной яркостью. утром включается холодный свет\n    2: {\n        name: \"Всегда полная яркость\",\n        0: [400, 100],\n        1: [400, 100],\n        2: [400, 100],\n        3: [400, 100],\n        4: [400, 100],\n        5: [400, 100],\n        6: [300, 100],\n        7: [150, 100],\n        8: [50, 100],\n        9: [50, 100],\n        10: [50, 100],\n        11: [50, 100],\n        12: [50, 100],\n        13: [50, 100],\n        14: [50, 100],\n        15: [400, 100],\n        16: [400, 100],\n        17: [400, 100],\n        18: [200, 100],\n        19: [250, 100],\n        20: [300, 100],\n        21: [350, 100],\n        22: [350, 100],\n        23: [400, 100]\n    }\n}\n\nconst miredToHueAndSaturation = {\n    50: [210, 30],\n    60: [205, 28],\n    70: [200, 26],\n    80: [195, 24],\n    90: [190, 22],\n    100: [185, 20],\n    110: [180, 18],\n    120: [170, 12],\n    130: [160, 6],\n    140: [150, 0],\n    150: [140, 0],\n    160: [130, 0],\n    170: [120, 0],\n    180: [110, 0],\n    190: [100, 0],\n    200: [90, 0],\n    210: [80, 4],\n    220: [70, 8],\n    230: [60, 16],\n    240: [55, 20],\n    250: [50, 24],\n    260: [45, 28],\n    270: [40, 32],\n    280: [35, 36],\n    290: [33, 40],\n    300: [32, 44],\n    310: [31, 48],\n    320: [30, 52],\n    330: [30, 56],\n    340: [30, 60],\n    350: [30, 64],\n    360: [30, 68],\n    370: [30, 72],\n    380: [30, 76],\n    390: [30, 78],\n    400: [30, 80]\n};\n\nfunction getCircadianPreset(preset) {\n    let onTimePreset = onTime[0]\n    if (preset) {\n        preset = Number(preset)\n        if (!isNaN(preset) && preset in onTime) {\n            onTimePreset = onTime[preset]\n        }\n    }\n    return onTimePreset\n}\n\nfunction getMiredToHueAndSaturationMap() {\n    return miredToHueAndSaturation\n}\n\n\nfunction getCircadianLightDynamicParams(hours, minute, preset, temp, bright, serviceUUID) {\n    //console.warn(\"getCircadianLightDynamicParams {} {} {} {} {} {}\", hours, minute, preset, temp, bright, serviceUUID)\n    if (preset == 10000) {\n        let temperature = 50 + hours * 15\n        let bright = 1 + minute\n        return [temperature, bright];\n    }\n    if (serviceUUID == \"207.13\") {\n        const sleep = Hub.getCharacteristicValue(68, 15)\n        if (hours >= 22 || hours <= 7) {\n            bright = sleep == 1 ? Math.min(3, bright) : Math.max(20, bright)\n        }\n        //console.warn(\"sleep {} {} {}\", sleep == 1, (hours >= 21 || hours <= 7), bright)\n    }\n    return [temp, bright];\n}",
    "type": "GLOBAL"
  }
}