{
  "scenarioTemplate": {
    "name": "🔋 Мониторинг батареек",
    "desc": "Позволяет получать уведомления, когда батарейки разрядится. в уведомлении будет вся информация, указанная в параметрах. Обновления: https://t.me/smart_sputnik",
    "active": true,
    "onStart": true,
    "sync": false,
    "data": "// Типы батарей\nlet batteryTypes = [\"AA\", \"AAA\", \"CR2032\", \"CR2450\", \"CR2025\", \"CR1632\", \"CR3032\", \"CR2477\", \"AG1\", \"AG3\", \"ER14250\", \"2CR5\", \"18650\", \"14500\", \"16340\", \"CR-P2\", \"SR44\", \"3LR12\", \"CR17450\"];\n// Типы зарядки\nlet chargingTypes = [\"USB Type-C\", \"Micro USB\", \"Mini USB\", \"Lightning\", \"5521 12V\", \"5525 12V\", \"5521 9V\", \"5525 9V\", \"Солнечная панель\", \"Проприетарное зарядное устройство\"]\n\n// Заполните ниже параметры уведомлений по умолчанию, для того, что бы не указывать их в параметрах для каждого устройства\nconst DEFAULT_NOTIFICATION_CHANNEL = \"Telegram_1\"; // Канал уведомлений для отправки уведомлений (например, Telegram_1, Web_1), или пустое поле, что бы уведомления отправлялись по всем каналам\nconst DEFAULT_NOTIFICATION_CLIENTS = \"1\"; // Клиенты уведомлений которым будут приходить уведомления (например, 1, 3, 4)\nconst DEFAULT_SILENT_NOTIFICATION = false; // Использовать тихое уведомление. true - тихие, false - со звуком\n\ninfo = {\n    name: \"🔋 Мониторинг батареек\",\n    description: \"Позволяет получать уведомления, когда батарейки разрядится. в уведомлении будет вся информация, указанная в параметрах. Обновления: https://t.me/smart_sputnik\",\n    version: \"2.0\",\n    author: \"@BOOMikru\",\n    onStart: true,\n\n    sourceServices: [HS.BatteryService],\n    sourceCharacteristics: [HC.StatusLowBattery, HC.BatteryLevel, HC.ChargingState],\n\n    options: {\n        type: {\n            name: {\n                en: \"Battery type\",\n                ru: \"Тип батареи\"\n            },\n            type: \"String\",\n            value: \"\",\n            formType: \"list\",\n            values: getBatteryTypesList()\n        },\n        quantity: {\n            name: {\n                en: \"Quantity\",\n                ru: \"Количество батарей\"\n            },\n            type: \"Integer\",\n            value: 1\n        },\n        chargingType: {\n            name: {\n                en: \"Charging type\",\n                ru: \"Тип зарядки\"\n            },\n            type: \"String\",\n            value: \"\",\n            formType: \"list\",\n            values: getChargingTypesList()\n        },\n        placement: {\n            name: {\n                en: \"Placement\",\n                ru: \"Расположение\"\n            },\n            type: \"String\",\n            value: \"\",\n        },\n        comment: {\n            name: {\n                en: \"Comment\",\n                ru: \"Комментарий\"\n            },\n            type: \"String\",\n            value: \"\",\n        },\n        specificThreshold: {\n            name: {\n                en: \"Specific threshold\",\n                ru: \"Собственный минимальный уровень заряда\"\n            },\n            desc: {\n                en: \"Or use BatteryLevel characteristic\",\n                ru: \"Или будет использовано стандартное значение из характеристики Батарея разряжена\"\n            },\n            type: \"Boolean\",\n            value: false\n        },\n        threshold: {\n            name: {\n                en: \"Threshold\",\n                ru: \"Минимальный заряд для уведомлений\"\n            },\n            type: \"Integer\",\n            value: 20,\n            unit: \"%\"\n        },\n        changeName: {\n            name: {\n                en: \"Change name to date\",\n                ru: \"Менять имя сервиса на дату замены батареи\"\n            },\n            desc: {\n                en: \"No replacement date, if disable\",\n                ru: \"Если отключено, то дата замены батареи\\зарядки не будет сохраняться и отображаться\"\n            },\n            type: \"Boolean\",\n            value: true\n        },\n        notificationChannel: {\n            name: {\n                en: \"Notification channel\",\n                ru: \"Канал уведомлений\"\n            },\n            desc: {\n                en: \"Channel identifier for notifications (e.g., Telegram_1, Web_1), or empty field, to send notifications to all channels\",\n                ru: \"Идентификатор канала уведомлений (например, Telegram_1, Web_1), или пустое поле, что бы уведомления отправлялись по всем каналам\"\n            },\n            type: \"String\",\n            value: DEFAULT_NOTIFICATION_CHANNEL\n        },\n        notificationClients: {\n            name: {\n                en: \"Notification clients\",\n                ru: \"Клиенты уведомлений\"\n            },\n            desc: {\n                en: \"Client identifiers separated by commas (e.g., 1, 3, 4)\",\n                ru: \"Идентификаторы клиентов через запятую (например, 1, 3, 4)\"\n            },\n            type: \"String\",\n            value: DEFAULT_NOTIFICATION_CLIENTS\n        },\n        silentNotification: {\n            name: {\n                en: \"Silent notification\",\n                ru: \"Тихое уведомление\"\n            },\n            desc: {\n                en: \"Send notification without sound\",\n                ru: \"Отправлять уведомление без звука\"\n            },\n            type: \"Boolean\",\n            value: DEFAULT_SILENT_NOTIFICATION\n        },\n    },\n    variables: {\n        notificationSend: false\n    }\n}\n\nconst dateRegEx = /(\\d{2}-\\d{2}-\\d{4})/\nfunction trigger(source, value, variables, options) {\n    try {\n        if (options.specificThreshold && (options.threshold < 0 || options.threshold > 100)) {\n            log.error(\"Минимальный заряд должен быть в диапазоне от 0 до 100%\")\n            return\n        }\n\n        const service = source.getService()\n        const accessory = source.getAccessory()\n        const uuid = accessory.getUUID()\n        const quantity = options.quantity == undefined ? 1 : options.quantity\n        const level = service.getCharacteristic(HC.BatteryLevel).getValue()\n        const charging = service.getCharacteristic(HC.ChargingState).getValue() == 1\n        let lowBattery = false\n        if (options.specificThreshold) {\n            lowBattery = level <= options.threshold\n        } else {\n            lowBattery = service.getCharacteristic(HC.StatusLowBattery).getValue()\n        }\n\n        let states = GlobalVariables[\"batteryStateScenario\"]\n        if (!states) GlobalVariables[\"batteryStateScenario\"] = []\n        let lastState = states ? GlobalVariables[\"batteryStateScenario\"][uuid] : undefined\n\n        let name = service.getName()\n        var hasDate = dateRegEx.exec(name)\n        let date = hasDate != null ? hasDate[0] : getCurrentDateString()\n\n        if (hasDate && lastState) {\n            if (level == 100 && lastState.level < 100) date = getCurrentDateString()\n            if (!charging && lastState.charging) date = getCurrentDateString()\n        }\n\n        const state = {\n            uuid: uuid,\n            name: accessory.getName(),\n            room: accessory.getRoom().getName(),\n            manufacturer: accessory.getManufacturer(),\n            model: accessory.getModel(),\n            level: level,\n            lowBattery: lowBattery,\n            charging: charging,\n            batteryType: options.type,\n            quantity: quantity,\n            chargingType: options.chargingType,\n            placement: options.placement,\n            comment: options.comment,\n            date: options.changeName ? date : undefined,\n            logicEnabled: true,\n            changeName: options.changeName\n        }\n\n        GlobalVariables[\"batteryStateScenario\"][uuid] = state\n\n\n        if (lowBattery && !charging) {\n\n            if (!variables.notificationSend) {\n                variables.notificationSend = true\n                \n                // Формируем сообщение в зависимости от канала\n                let message = formatNotificationMessage(state, date, options.notificationChannel)\n                \n                // Преобразуем строку клиентов в массив\n                let clientsArray = []\n                if (options.notificationClients && options.notificationClients.trim() !== \"\") {\n                    clientsArray = options.notificationClients.split(',').map(client => client.trim()).filter(client => client !== \"\")\n                }\n                \n                // Отправляем уведомление через новую функцию\n                sendNotification(\n                    message,\n                    options.notificationChannel,\n                    clientsArray,\n                    options.silentNotification\n                )\n            }\n\n            if (options.changeName) service.setName(\"❗️ \" + date)\n        }\n\n        if (!lowBattery && !charging) {\n            if (options.changeName) service.setName(date)\n            variables.notificationSend = false\n        }\n    } catch (e) {\n        log.error(\"Ошибка выполнения задачи: \" + e.message);\n    }\n}\n\n/**\n * Функция для форматирования сообщения в зависимости от канала\n * @param {Object} state - Объект состояния батареи\n * @param {String} date - Дата замены/зарядки\n * @param {String} channel - Канал уведомлений\n * @returns {String} Отформатированное сообщение\n */\nfunction formatNotificationMessage(state, date, channel) {\n    if (channel && channel.startsWith(\"Telegram\")) {\n        // Форматирование для Telegram - сразу строка\n        let text = \"❗️ *Батарея разряжена!*\\n\"\n        text += state.name + \" в \" + state.room + \" (ID: \" + state.uuid + \")\\n\"\n        if (state.placement != \"\") text += state.placement.trim() + \"\\n\"\n        text += \"\\n\"\n        text += \"Заряд: \" + state.level + \"%\\n\"\n        if (state.batteryType != \"\" && state.batteryType != \"-\") text += \"Тип: \" + state.batteryType + \" (\" + state.quantity + \" шт.)\\n\"\n        if (state.chargingType != \"\" && state.chargingType != \"-\") text += \"Заряжается через: \" + state.chargingType + \" \\n\"\n        text += \"\\n\"\n        if (state.comment != \"\") text += state.comment.trim() + \"\\n\"\n        text += \"Дата \" + (state.chargingType != \"\" ? \"зарядки\" : \"замены батареи\") + \": \" + date.replaceAll(\"-\", \".\")\n        \n        return text\n    } else {\n        // Форматирование для других каналов\n        let text = \"❗️ Батарея разряжена! \"\n        text += state.name + \" в \" + state.room + \" (ID: \" + state.uuid + \") \"\n        if (state.placement != \"\") text += \" \" + state.placement.trim()\n        text += \". Заряд: \" + state.level + \"%\"\n        if (state.batteryType != \"\") text += \" Тип: \" + state.batteryType + \" (\" + state.quantity + \" шт.)\"\n        if (state.chargingType != \"\") text += \" Заряжается через: \" + state.chargingType + \" \"\n        if (state.comment != \"\") text += state.comment.trim()\n        text += \"Дата \" + (state.chargingType != \"\" ? \"зарядки\" : \"замены батареи\") + \": \" + date.replaceAll(\"-\", \".\")\n        \n        return text\n    }\n}\n\n/**\n * Функция для отправки уведомлений через Notify\n * @param {String} message - Текст сообщения для отправки\n * @param {String} channel - Канал уведомлений (например, \"Telegram_1\", \"Web_1\")\n * @param {Array} clients - Массив идентификаторов клиентов\n * @param {Boolean} silent - Флаг тихого режима\n */\nfunction sendNotification(message, channel, clients, silent) {\n    try {\n        // Проверяем, что если заданы клиенты, то должен быть задан канал\n        if (clients && clients.length > 0 && (!channel || channel.trim() === \"\")) {\n            log.error(\"BatteryMonitoring: Заданы клиенты, но не указан канал уведомлений\")\n            return\n        }\n\n        // Создаем объект уведомления\n        let notify = Notify.text(message)\n            .debugText(\"BatteryMonitoring\")\n\n        // Устанавливаем тихий режим если нужно\n        if (silent) {\n            notify = notify.silent(true)\n        }\n\n        // Если заданы и канал, и клиенты, то настраиваем адресатов\n        if (channel && channel.trim() !== \"\" && clients && clients.length > 0) {\n            // Применяем клиентов по одному, так как spread operator не поддерживается\n            clients.forEach(function(client) {\n                notify = notify.to(channel, client)\n            })\n        }\n\n        // Отправляем уведомление\n        notify.send()\n    } catch (e) {\n        log.error(\"BatteryMonitoring: Ошибка отправки уведомления: \" + e.message)\n    }\n}\n\nfunction getDeviceName(source) {\n    const acc = source.getAccessory();\n    const room = acc.getRoom().getName()\n    const accName = acc.getName()\n    const name = accName + \" / \" + acc.getUUID() + \" (\" + room + \")\"\n    return name\n}\n\n// Функция для добавления ведущего нуля, если число меньше 10\nfunction padNumber(num) {\n    return num < 10 ? \"0\" + num : num.toString();\n}\n\nfunction getCurrentDateString() {\n    var currentDate = new Date();\n    var formattedDate =\n        padNumber(currentDate.getDate()) + \"-\" +\n        padNumber(currentDate.getMonth() + 1) + \"-\" +\n        currentDate.getFullYear(); // Формат: дд-мм-гггг\n    return formattedDate\n}\n\n/**\n * Функция для получения списка типов батарей\n * @returns {Array} Массив объектов с типами батарей для формы\n */\nfunction getBatteryTypesList() {\n    let typesList = [];\n    typesList.push({ name: { ru: \"Не выбрано\", en: \"Not selected\" }, value: \"\" });\n    batteryTypes.forEach(function (b) {\n        typesList.push({ name: { ru: b, en: b }, type: \"String\", value: b });\n    })\n    typesList.push({ name: { ru: \"Другой\", en: \"Another\" }, value: \"Другой\" });\n    return typesList;\n}\n\n/**\n * Функция для получения списка типов зарядки\n * @returns {Array} Массив объектов с типами зарядки для формы\n */\nfunction getChargingTypesList() {\n    let chargingList = [];\n    chargingList.push({ name: { ru: \"Не перезаряжается\", en: \"Not charging\" }, value: \"\" });\n    chargingTypes.forEach(function (b) {\n        chargingList.push({ name: { ru: b, en: b }, type: \"String\", value: b });\n    })\n    chargingList.push({ name: { ru: \"Другой\", en: \"Another\" }, value: \"Другой вариант\" });\n    return chargingList;\n}",
    "type": "LOGIC"
  }
}